epoch,steps,cossim_accuracy,cossim_accuracy_threshold,cossim_f1,cossim_precision,cossim_recall,cossim_f1_threshold,cossim_ap,manhattan_accuracy,manhattan_accuracy_threshold,manhattan_f1,manhattan_precision,manhattan_recall,manhattan_f1_threshold,manhattan_ap,euclidean_accuracy,euclidean_accuracy_threshold,euclidean_f1,euclidean_precision,euclidean_recall,euclidean_f1_threshold,euclidean_ap,dot_accuracy,dot_accuracy_threshold,dot_f1,dot_precision,dot_recall,dot_f1_threshold,dot_ap
0,1000,0.7818627450980392,0.6707540154457092,0.8571428571428572,0.7692307692307693,0.967741935483871,0.4407997131347656,0.9169462268169197,0.7843137254901961,302.103271484375,0.8566775244299675,0.7850746268656716,0.942652329749104,303.1321716308594,0.9189306015626215,0.7843137254901961,11.894088745117188,0.8552631578947368,0.790273556231003,0.931899641577061,13.355331420898438,0.9185423889195393,0.7892156862745098,100.21038055419922,0.8580645161290321,0.7800586510263929,0.953405017921147,90.19580841064453,0.8774734613485915
0,-1,0.7941176470588235,0.664031445980072,0.8580645161290321,0.7800586510263929,0.953405017921147,0.47525233030319214,0.9057614480781729,0.7941176470588235,267.52410888671875,0.8585055643879175,0.7714285714285715,0.967741935483871,325.13226318359375,0.9106506286114856,0.7916666666666666,12.140426635742188,0.861685214626391,0.7742857142857142,0.9713261648745519,14.744037628173828,0.9102597900560684,0.7867647058823529,89.81755065917969,0.8589951377633711,0.7840236686390533,0.9498207885304659,89.81755065917969,0.8588179965231801
