epoch,steps,cossim_accuracy,cossim_accuracy_threshold,cossim_f1,cossim_precision,cossim_recall,cossim_f1_threshold,cossim_ap,manhattan_accuracy,manhattan_accuracy_threshold,manhattan_f1,manhattan_precision,manhattan_recall,manhattan_f1_threshold,manhattan_ap,euclidean_accuracy,euclidean_accuracy_threshold,euclidean_f1,euclidean_precision,euclidean_recall,euclidean_f1_threshold,euclidean_ap,dot_accuracy,dot_accuracy_threshold,dot_f1,dot_precision,dot_recall,dot_f1_threshold,dot_ap
0,-1,0.792463768115942,0.5432080030441284,0.8545897644191713,0.8,0.9171752397558849,0.5423294305801392,0.9100497700621137,0.7918840579710145,280.75726318359375,0.8541666666666666,0.7902149740548554,0.9293809938971229,301.0543212890625,0.9109211430848813,0.7913043478260869,12.408612251281738,0.8538058799838905,0.7934131736526946,0.9241499564080209,13.543013572692871,0.9115134273205232,0.7797101449275362,91.95574951171875,0.8500590318772138,0.7747489239598279,0.941586748038361,89.88423156738281,0.8752602668178437
