epoch,steps,cossim_accuracy,cossim_accuracy_threshold,cossim_f1,cossim_precision,cossim_recall,cossim_f1_threshold,cossim_ap,manhattan_accuracy,manhattan_accuracy_threshold,manhattan_f1,manhattan_precision,manhattan_recall,manhattan_f1_threshold,manhattan_ap,euclidean_accuracy,euclidean_accuracy_threshold,euclidean_f1,euclidean_precision,euclidean_recall,euclidean_f1_threshold,euclidean_ap,dot_accuracy,dot_accuracy_threshold,dot_f1,dot_precision,dot_recall,dot_f1_threshold,dot_ap
0,-1,0.74942159,0.769332528,0.728889449,0.619479461,0.885236359,0.708320439,0.730970039,0.748728735,180.4672241,0.727362591,0.620261099,0.879170369,201.0562439,0.727975933,0.74911228,8.057195663,0.727657974,0.615866211,0.889035262,9.218397141,0.72809646,0.726532632,109.8338623,0.710074371,0.591008124,0.88921908,96.18177795,0.676764566
0,-1,0.744101454,0.76934737,0.723923131,0.615155477,0.879415459,0.705146134,0.722149752,0.748147232,182.446991,0.726398668,0.61753159,0.881866364,210.4663696,0.720883413,0.74772657,8.205992699,0.726561505,0.621954146,0.873472014,9.430984497,0.72083062,0.714222085,116.5836639,0.701324621,0.572767493,0.904292148,98.30175018,0.672229257
0,-1,0.745746984,0.764042258,0.727447265,0.618882847,0.882203364,0.697492599,0.726238895,0.747714197,198.2780762,0.72848034,0.620455574,0.882050182,217.8295288,0.723740868,0.747974018,8.850583076,0.728920599,0.619254658,0.885787813,9.906887054,0.723885775,0.724664398,125.7597885,0.704239026,0.583098875,0.888912717,105.1687012,0.685072376
0,-1,0.743915868,0.773001313,0.719610085,0.609866712,0.877516007,0.696350276,0.72755319,0.746588308,197.9867859,0.722009858,0.612323245,0.879568641,230.2600098,0.725045964,0.746798639,8.939481735,0.722163282,0.614354787,0.875861646,10.37627506,0.725084183,0.717092484,144.9848938,0.697822751,0.5732464,0.891578077,115.2675934,0.684091183
0,-1,0.74705846,0.773113728,0.726389666,0.620851536,0.875157011,0.703988671,0.727338261,0.749520569,197.4639893,0.727244812,0.624382099,0.870684109,225.076889,0.724535914,0.749669038,8.835746765,0.727377595,0.625289231,0.869305475,10.16683578,0.724588858,0.71902258,140.727829,0.703302101,0.586899492,0.877301553,117.0608826,0.676612984