epoch,steps,cossim_accuracy,cossim_accuracy_threshold,cossim_f1,cossim_precision,cossim_recall,cossim_f1_threshold,cossim_ap,manhattan_accuracy,manhattan_accuracy_threshold,manhattan_f1,manhattan_precision,manhattan_recall,manhattan_f1_threshold,manhattan_ap,euclidean_accuracy,euclidean_accuracy_threshold,euclidean_f1,euclidean_precision,euclidean_recall,euclidean_f1_threshold,euclidean_ap,dot_accuracy,dot_accuracy_threshold,dot_f1,dot_precision,dot_recall,dot_f1_threshold,dot_ap
0,-1,0.6941540364986081,0.8637893199920654,0.6801903628792385,0.5560310451477368,0.87573910113048,0.8262954950332642,0.5836484344192896,0.6950448499845345,106.6024169921875,0.680734998564456,0.5584188730348767,0.8716644710639992,118.92593383789062,0.5839834359386041,0.6946241880606248,4.846219062805176,0.6808612382990423,0.558287260322315,0.8723997426549431,5.413944721221924,0.5837710324204419,0.6377482214661305,74.89250183105469,0.6378716879161885,0.4906790286393031,0.9112159553935235,64.40682983398438,0.5529727756584296
