epoch,steps,cossim_accuracy,cossim_accuracy_threshold,cossim_f1,cossim_precision,cossim_recall,cossim_f1_threshold,cossim_ap,manhattan_accuracy,manhattan_accuracy_threshold,manhattan_f1,manhattan_precision,manhattan_recall,manhattan_f1_threshold,manhattan_ap,euclidean_accuracy,euclidean_accuracy_threshold,euclidean_f1,euclidean_precision,euclidean_recall,euclidean_f1_threshold,euclidean_ap,dot_accuracy,dot_accuracy_threshold,dot_f1,dot_precision,dot_recall,dot_f1_threshold,dot_ap
0,-1,0.7727536231884058,0.6152868270874023,0.8444444444444446,0.7749453750910416,0.927637314734089,0.6152868270874023,0.8899972006981219,0.7698550724637682,216.04002380371094,0.8394869801787797,0.7573632538569425,0.941586748038361,241.39227294921875,0.8891295213874646,0.767536231884058,9.94976806640625,0.8395931142410016,0.7615330021291696,0.9354838709677419,10.949110984802246,0.8894904911323832,0.7611594202898551,78.43634033203125,0.8416666666666667,0.7441393168117884,0.9686137750653879,74.24386596679688,0.8455463266754032
