epoch,steps,cossim_accuracy,cossim_accuracy_threshold,cossim_f1,cossim_precision,cossim_recall,cossim_f1_threshold,cossim_ap,manhattan_accuracy,manhattan_accuracy_threshold,manhattan_f1,manhattan_precision,manhattan_recall,manhattan_f1_threshold,manhattan_ap,euclidean_accuracy,euclidean_accuracy_threshold,euclidean_f1,euclidean_precision,euclidean_recall,euclidean_f1_threshold,euclidean_ap,dot_accuracy,dot_accuracy_threshold,dot_f1,dot_precision,dot_recall,dot_f1_threshold,dot_ap
0,-1,0.8014705882352942,0.63776695728302,0.8656716417910448,0.8055555555555556,0.9354838709677419,0.63776695728302,0.9153606915795307,0.7916666666666666,225.098876953125,0.8603174603174604,0.7720797720797721,0.9713261648745519,251.21383666992188,0.9162989731086179,0.7916666666666666,10.09780216217041,0.8603174603174604,0.7720797720797721,0.9713261648745519,11.555071830749512,0.9149587235779059,0.7818627450980392,85.45289611816406,0.8552845528455285,0.7827380952380952,0.942652329749104,84.42504119873047,0.8571047295543448
