epoch,steps,cosine_pearson,cosine_spearman,euclidean_pearson,euclidean_spearman,manhattan_pearson,manhattan_spearman,dot_pearson,dot_spearman
0,1000,0.8600618515382306,0.8569317390645719,0.8137519476604934,0.817825338411347,0.8131523636020468,0.8174462224913519,0.7484524671181785,0.7657596547934302
0,-1,0.8686165238568885,0.8660899820395773,0.8215900183281786,0.8268269940896777,0.8207735132028267,0.8261916128682764,0.7652618540490386,0.7823983406531891
