epoch,steps,cosine_pearson,cosine_spearman,euclidean_pearson,euclidean_spearman,manhattan_pearson,manhattan_spearman,dot_pearson,dot_spearman
0,-1,0.8341002290437949,0.8231892904923858,0.8157718945970307,0.8069973640772601,0.8146425482101783,0.8059316522323035,0.7393670874274334,0.7301055893544093
0,-1,0.8300599658529967,0.8220472201405461,0.8153560503825288,0.8092014444605613,0.8143831449930274,0.8086712492034852,0.7165016477284263,0.7020184261197214
0,-1,0.8282281728549845,0.8216399242642415,0.804788253461961,0.799140785013251,0.8032053932309403,0.7976840320039762,0.7092196160326936,0.6990296219932304
0,-1,0.8293676052062593,0.8250017691129531,0.8107517638889329,0.8034362453091053,0.8097186435538981,0.802307893622337,0.7173224458106512,0.7059754561132658
0,-1,0.8377814991352136,0.8269577489970587,0.8155927842787798,0.8080033338419794,0.8144345983094772,0.8071072918541718,0.720735348495875,0.7163007964982225
