epoch,steps,cosine_pearson,cosine_spearman,euclidean_pearson,euclidean_spearman,manhattan_pearson,manhattan_spearman,dot_pearson,dot_spearman
0,-1,0.8164721732985867,0.8013554187137084,0.7909460227022433,0.7799130803999984,0.7902964452964096,0.7794826597993098,0.6955762688040292,0.6839371629988578
0,-1,0.8186117876571061,0.80785032092111,0.7957484983841627,0.7890029486089625,0.7952795539058517,0.7886855012599185,0.7073165191872872,0.6959420742860477
0,-1,0.8196458253788246,0.8079761867940392,0.7869311972789858,0.7778181618048143,0.7858864806253019,0.7769617892830397,0.7025677474989502,0.6935933647810162
0,-1,0.8175906516570003,0.8068139462678856,0.7860365506261251,0.7769861278783399,0.7851302955418459,0.7760667744246097,0.7064217111000456,0.6936842534983896
0,-1,0.8218788636562022,0.809331250362539,0.7923415970080294,0.780737094528293,0.791425134741198,0.7801936999165225,0.6910405505660885,0.6817957151380842
