epoch,steps,cossim_accuracy,cossim_accuracy_threshold,cossim_f1,cossim_precision,cossim_recall,cossim_f1_threshold,cossim_ap,manhattan_accuracy,manhattan_accuracy_threshold,manhattan_f1,manhattan_precision,manhattan_recall,manhattan_f1_threshold,manhattan_ap,euclidean_accuracy,euclidean_accuracy_threshold,euclidean_f1,euclidean_precision,euclidean_recall,euclidean_f1_threshold,euclidean_ap,dot_accuracy,dot_accuracy_threshold,dot_f1,dot_precision,dot_recall,dot_f1_threshold,dot_ap
0,-1,0.7439158676152181,0.7730013132095337,0.7196100845403043,0.6098667120895968,0.8775160074752612,0.6963502764701843,0.7275531896116918,0.7465883080729973,197.98678588867188,0.7220098581631627,0.6123232452492162,0.8795686406666462,230.260009765625,0.7250459638946511,0.746798639034952,8.939481735229492,0.7221632818025665,0.6143547867196734,0.8758616463956373,10.376275062561035,0.7250841834462077,0.7170924837612125,144.98489379882812,0.6978227508152695,0.5732464002206158,0.8915780766520633,115.26759338378906,0.6840911834483028
